{
"lengthUnit": "mil",
"remark": [],
"components": {
	"fields": ["COMPONENT_NO", "COMPONENT_NAME", "LAYER", "X_COORDINATE", "Y_COORDINATE", "ANGLE"],
	"rows": [
		[1, "C1", "T", 995, -730, 270],
		[2, "C2", "T", 535, -1015, 0],
		[3, "D2", "T", 1040, -535, 0],
		[4, "H1", "T", 3180, -2990, 180],
		[5, "H2", "B", 3550, -1860, 270],
		[6, "H3", "B", 240, -2170, 270],
		[7, "H4", "T", 595, -3160, 180],
		[8, "L2", "T", 625.7885, -616.709, 0],
		[9, "P2", "T", 148.89, -633.8484, 0],
		[10, "R1", "T", 790, -840, 180],
		[11, "R2", "T", 992.635, -923.2994, 90],
		[12, "U1", "T", 550.7885, -876.709, 90],
		[13, "U2", "T", 1095, -2705, 180],
		[14, "U3", "T", 1810, -1185, 0],
		[15, "U4", "T", 1100, -1605, 180],
		[16, "PAD1", "T", 148.89, -535.3984, 0],
		[17, "PAD1", "T", 148.89, -535.3984, 0],
		[18, "PAD2", "T", 148.89, -732.2984, 0],
		[19, "PAD2", "T", 148.89, -732.2984, 0],
		[20, "PAD3", "T", 596.0285, -914.109, 0],
		[21, "PAD4", "T", 596.0285, -876.709, 0],
		[22, "PAD5", "T", 596.0285, -839.309, 0],
		[23, "PAD6", "T", 505.5485, -839.309, 0],
		[24, "PAD7", "T", 505.5485, -876.709, 0],
		[25, "PAD8", "T", 2145, -2705, 0],
		[26, "PAD8", "T", 2145, -2705, 0],
		[27, "PAD9", "T", 2045, -2705, 0],
		[28, "PAD9", "T", 2045, -2705, 0],
		[29, "PAD10", "T", 1945, -2705, 0],
		[30, "PAD10", "T", 1945, -2705, 0],
		[31, "PAD11", "T", 1845, -2705, 0],
		[32, "PAD11", "T", 1845, -2705, 0],
		[33, "PAD12", "T", 1745, -2705, 0],
		[34, "PAD12", "T", 1745, -2705, 0],
		[35, "PAD13", "T", 1645, -2705, 0],
		[36, "PAD13", "T", 1645, -2705, 0],
		[37, "PAD14", "T", 1545, -2705, 0],
		[38, "PAD14", "T", 1545, -2705, 0],
		[39, "PAD15", "T", 1445, -2705, 0],
		[40, "PAD15", "T", 1445, -2705, 0],
		[41, "PAD16", "T", 1345, -2705, 0],
		[42, "PAD16", "T", 1345, -2705, 0],
		[43, "PAD17", "T", 1245, -2705, 0],
		[44, "PAD17", "T", 1245, -2705, 0],
		[45, "PAD18", "T", 1145, -2705, 0],
		[46, "PAD18", "T", 1145, -2705, 0],
		[47, "PAD19", "T", 1045, -2705, 0],
		[48, "PAD19", "T", 1045, -2705, 0],
		[49, "PAD20", "T", 945, -2705, 0],
		[50, "PAD20", "T", 945, -2705, 0],
		[51, "PAD21", "T", 845, -2705, 0],
		[52, "PAD21", "T", 845, -2705, 0],
		[53, "PAD22", "T", 745, -2705, 0],
		[54, "PAD22", "T", 745, -2705, 0],
		[55, "PAD23", "T", 645, -2705, 0],
		[56, "PAD23", "T", 645, -2705, 0],
		[57, "PAD24", "T", 545, -2705, 0],
		[58, "PAD24", "T", 545, -2705, 0],
		[59, "PAD25", "T", 445, -2705, 0],
		[60, "PAD25", "T", 445, -2705, 0],
		[61, "PAD26", "T", 345, -2705, 0],
		[62, "PAD26", "T", 345, -2705, 0],
		[63, "PAD27", "T", 245, -2705, 0],
		[64, "PAD27", "T", 245, -2705, 0],
		[65, "PAD28", "T", 145, -2705, 0],
		[66, "PAD28", "T", 145, -2705, 0],
		[67, "PAD29", "T", 45, -2705, 0],
		[68, "PAD29", "T", 45, -2705, 0],
		[69, "PAD30", "T", 2150, -1605, 0],
		[70, "PAD30", "T", 2150, -1605, 0],
		[71, "PAD31", "T", 2050, -1605, 0],
		[72, "PAD31", "T", 2050, -1605, 0],
		[73, "PAD32", "T", 1950, -1605, 0],
		[74, "PAD32", "T", 1950, -1605, 0],
		[75, "PAD33", "T", 1850, -1605, 0],
		[76, "PAD33", "T", 1850, -1605, 0],
		[77, "PAD34", "T", 1750, -1605, 0],
		[78, "PAD34", "T", 1750, -1605, 0],
		[79, "PAD35", "T", 1650, -1605, 0],
		[80, "PAD35", "T", 1650, -1605, 0],
		[81, "PAD36", "T", 1550, -1605, 0],
		[82, "PAD36", "T", 1550, -1605, 0],
		[83, "PAD37", "T", 1450, -1605, 0],
		[84, "PAD37", "T", 1450, -1605, 0],
		[85, "PAD38", "T", 1350, -1605, 0],
		[86, "PAD38", "T", 1350, -1605, 0],
		[87, "PAD39", "T", 1250, -1605, 0],
		[88, "PAD39", "T", 1250, -1605, 0],
		[89, "PAD40", "T", 1150, -1605, 0],
		[90, "PAD40", "T", 1150, -1605, 0],
		[91, "PAD41", "T", 1050, -1605, 0],
		[92, "PAD41", "T", 1050, -1605, 0],
		[93, "PAD42", "T", 950, -1605, 0],
		[94, "PAD42", "T", 950, -1605, 0],
		[95, "PAD43", "T", 850, -1605, 0],
		[96, "PAD43", "T", 850, -1605, 0],
		[97, "PAD44", "T", 750, -1605, 0],
		[98, "PAD44", "T", 750, -1605, 0],
		[99, "PAD45", "T", 650, -1605, 0],
		[100, "PAD45", "T", 650, -1605, 0],
		[101, "PAD46", "T", 550, -1605, 0],
		[102, "PAD46", "T", 550, -1605, 0],
		[103, "PAD47", "T", 450, -1605, 0],
		[104, "PAD47", "T", 450, -1605, 0],
		[105, "PAD48", "T", 350, -1605, 0],
		[106, "PAD48", "T", 350, -1605, 0],
		[107, "PAD49", "T", 250, -1605, 0],
		[108, "PAD49", "T", 250, -1605, 0],
		[109, "PAD50", "T", 150, -1605, 0],
		[110, "PAD50", "T", 150, -1605, 0],
		[111, "PAD51", "T", 50, -1605, 0],
		[112, "PAD51", "T", 50, -1605, 0],
		[113, "PAD52", "T", 2780, -3040, 0],
		[114, "PAD52", "T", 2780, -3040, 0],
		[115, "PAD53", "T", 2780, -2940, 0],
		[116, "PAD53", "T", 2780, -2940, 0],
		[117, "PAD54", "T", 2880, -3040, 0],
		[118, "PAD54", "T", 2880, -3040, 0],
		[119, "PAD55", "T", 2880, -2940, 0],
		[120, "PAD55", "T", 2880, -2940, 0],
		[121, "PAD56", "T", 2980, -3040, 0],
		[122, "PAD56", "T", 2980, -3040, 0],
		[123, "PAD57", "T", 2980, -2940, 0],
		[124, "PAD57", "T", 2980, -2940, 0],
		[125, "PAD58", "T", 3080, -3040, 0],
		[126, "PAD58", "T", 3080, -3040, 0],
		[127, "PAD59", "T", 3080, -2940, 0],
		[128, "PAD59", "T", 3080, -2940, 0],
		[129, "PAD60", "T", 3180, -3040, 0],
		[130, "PAD60", "T", 3180, -3040, 0],
		[131, "PAD61", "T", 3180, -2940, 0],
		[132, "PAD61", "T", 3180, -2940, 0],
		[133, "PAD62", "T", 3280, -3040, 0],
		[134, "PAD62", "T", 3280, -3040, 0],
		[135, "PAD63", "T", 3280, -2940, 0],
		[136, "PAD63", "T", 3280, -2940, 0],
		[137, "PAD64", "T", 3380, -3040, 0],
		[138, "PAD64", "T", 3380, -3040, 0],
		[139, "PAD65", "T", 3380, -2940, 0],
		[140, "PAD65", "T", 3380, -2940, 0],
		[141, "PAD66", "T", 3480, -3040, 0],
		[142, "PAD66", "T", 3480, -3040, 0],
		[143, "PAD67", "T", 3480, -2940, 0],
		[144, "PAD67", "T", 3480, -2940, 0],
		[145, "PAD68", "T", 3580, -3040, 0],
		[146, "PAD68", "T", 3580, -3040, 0],
		[147, "PAD69", "T", 3580, -2940, 0],
		[148, "PAD69", "T", 3580, -2940, 0],
		[149, "PAD70", "T", 995, -769.37, 0],
		[150, "PAD71", "T", 995, -690.63, 0],
		[151, "PAD72", "T", 556.46, -1015, 0],
		[152, "PAD73", "T", 513.54, -1015, 0],
		[153, "PAD74", "T", 949.295, -535.37, 0],
		[154, "PAD75", "T", 1130.705, -534.63, 0],
		[155, "PAD76", "T", 754.8485, -616.709, 0],
		[156, "PAD77", "T", 496.7285, -616.709, 0],
		[157, "PAD78", "T", 750.63, -840, 0],
		[158, "PAD79", "T", 829.37, -840, 0],
		[159, "PAD80", "T", 992.635, -893.6394, 0],
		[160, "PAD81", "T", 992.635, -952.9594, 0],
		[161, "PAD82", "T", 2160, -1185, 0],
		[162, "PAD82", "T", 2160, -1185, 0],
		[163, "PAD83", "T", 1960, -1185, 0],
		[164, "PAD83", "T", 1960, -1185, 0],
		[165, "PAD84", "T", 1860, -1185, 0],
		[166, "PAD84", "T", 1860, -1185, 0],
		[167, "PAD85", "T", 1760, -1185, 0],
		[168, "PAD85", "T", 1760, -1185, 0],
		[169, "PAD86", "T", 1660, -1185, 0],
		[170, "PAD86", "T", 1660, -1185, 0],
		[171, "PAD87", "T", 1560, -1185, 0],
		[172, "PAD87", "T", 1560, -1185, 0],
		[173, "PAD88", "T", 1460, -1185, 0],
		[174, "PAD88", "T", 1460, -1185, 0],
		[175, "PAD89", "T", 3550, -2160, 0],
		[176, "PAD89", "T", 3550, -2160, 0],
		[177, "PAD90", "T", 3550, -2060, 0],
		[178, "PAD90", "T", 3550, -2060, 0],
		[179, "PAD91", "T", 3550, -1960, 0],
		[180, "PAD91", "T", 3550, -1960, 0],
		[181, "PAD92", "T", 3550, -1860, 0],
		[182, "PAD92", "T", 3550, -1860, 0],
		[183, "PAD93", "T", 3550, -1760, 0],
		[184, "PAD93", "T", 3550, -1760, 0],
		[185, "PAD94", "T", 3550, -1660, 0],
		[186, "PAD94", "T", 3550, -1660, 0],
		[187, "PAD95", "T", 3550, -1560, 0],
		[188, "PAD95", "T", 3550, -1560, 0],
		[189, "PAD96", "T", 240, -1820, 0],
		[190, "PAD96", "T", 240, -1820, 0],
		[191, "PAD97", "T", 240, -1920, 0],
		[192, "PAD97", "T", 240, -1920, 0],
		[193, "PAD98", "T", 240, -2020, 0],
		[194, "PAD98", "T", 240, -2020, 0],
		[195, "PAD99", "T", 240, -2120, 0],
		[196, "PAD99", "T", 240, -2120, 0],
		[197, "PAD100", "T", 240, -2220, 0],
		[198, "PAD100", "T", 240, -2220, 0],
		[199, "PAD101", "T", 240, -2320, 0],
		[200, "PAD101", "T", 240, -2320, 0],
		[201, "PAD102", "T", 240, -2420, 0],
		[202, "PAD102", "T", 240, -2420, 0],
		[203, "PAD103", "T", 945, -3160, 0],
		[204, "PAD103", "T", 945, -3160, 0],
		[205, "PAD104", "T", 845, -3160, 0],
		[206, "PAD104", "T", 845, -3160, 0],
		[207, "PAD105", "T", 745, -3160, 0],
		[208, "PAD105", "T", 745, -3160, 0],
		[209, "PAD106", "T", 645, -3160, 0],
		[210, "PAD106", "T", 645, -3160, 0],
		[211, "PAD107", "T", 545, -3160, 0],
		[212, "PAD107", "T", 545, -3160, 0]
	]
},
"pins": {
	"fields": ["PIN_NO", "PIN_NAME", "PIN_X", "PIN_Y", "LAYER", "PIN_TYPE", "NET_NAME", "NET_TYPE", "PAD_SHAPE", "PAD_SIZEX", "PAD_SIZEY", "HOLE_SIZE", "HOLE_LEN", "PAD_ANGLE"],
	"rows": [
		[1, "C1_1", 995, -690.63, "T", "SMD", "V_OUT", "", "R", 55.512, 53.15, 0, 0, 270],
		[2, "C1_2", 995, -769.37, "T", "SMD", "GND", "GND", "R", 55.512, 53.15, 0, 0, 270],
		[3, "C2_1", 513.54, -1015, "T", "SMD", "3.7V", "", "R", 31.106, 21.26, 0, 0, 0],
		[4, "C2_2", 556.46, -1015, "T", "SMD", "GND", "GND", "R", 31.106, 21.26, 0, 0, 0],
		[5, "D2_1", 949.295, -535.37, "T", "SMD", "$1N178", "", "R", 80.566, 63.78, 0, 0, 0],
		[6, "D2_2", 1130.705, -534.63, "T", "SMD", "V_OUT", "", "R", 80.566, 63.78, 0, 0, 180],
		[7, "H1_1", 3580, -2940, "T", "DIP", "15", "", "R", 66.929, 66.929, 43.308, 43.308, 180],
		[8, "H1_1", 3580, -2940, "T", "DIP", "15", "", "R", 66.929, 66.929, 43.308, 43.308, 180],
		[9, "H1_2", 3580, -3040, "T", "DIP", "17", "", "C", 66.929, 66.929, 43.308, 43.308, 180],
		[10, "H1_2", 3580, -3040, "T", "DIP", "17", "", "C", 66.929, 66.929, 43.308, 43.308, 180],
		[11, "H1_3", 3480, -2940, "T", "DIP", "CLK", "", "C", 66.929, 66.929, 43.308, 43.308, 180],
		[12, "H1_3", 3480, -2940, "T", "DIP", "CLK", "", "C", 66.929, 66.929, 43.308, 43.308, 180],
		[13, "H1_4", 3480, -3040, "T", "DIP", "8", "", "C", 66.929, 66.929, 43.308, 43.308, 180],
		[14, "H1_4", 3480, -3040, "T", "DIP", "8", "", "C", 66.929, 66.929, 43.308, 43.308, 180],
		[15, "H1_5", 3380, -2940, "T", "DIP", "7", "", "C", 66.929, 66.929, 43.308, 43.308, 180],
		[16, "H1_5", 3380, -2940, "T", "DIP", "7", "", "C", 66.929, 66.929, 43.308, 43.308, 180],
		[17, "H1_6", 3380, -3040, "T", "DIP", "6", "", "C", 66.929, 66.929, 43.308, 43.308, 180],
		[18, "H1_6", 3380, -3040, "T", "DIP", "6", "", "C", 66.929, 66.929, 43.308, 43.308, 180],
		[19, "H1_7", 3280, -2940, "T", "DIP", "5A", "", "C", 66.929, 66.929, 43.308, 43.308, 180],
		[20, "H1_7", 3280, -2940, "T", "DIP", "5A", "", "C", 66.929, 66.929, 43.308, 43.308, 180],
		[21, "H1_8", 3280, -3040, "T", "DIP", "4A", "", "C", 66.929, 66.929, 43.308, 43.308, 180],
		[22, "H1_8", 3280, -3040, "T", "DIP", "4A", "", "C", 66.929, 66.929, 43.308, 43.308, 180],
		[23, "H1_9", 3180, -2940, "T", "DIP", "3", "", "C", 66.929, 66.929, 43.308, 43.308, 180],
		[24, "H1_9", 3180, -2940, "T", "DIP", "3", "", "C", 66.929, 66.929, 43.308, 43.308, 180],
		[25, "H1_10", 3180, -3040, "T", "DIP", "2", "", "C", 66.929, 66.929, 43.308, 43.308, 180],
		[26, "H1_10", 3180, -3040, "T", "DIP", "2", "", "C", 66.929, 66.929, 43.308, 43.308, 180],
		[27, "H1_11", 3080, -2940, "T", "DIP", "1", "", "C", 66.929, 66.929, 43.308, 43.308, 180],
		[28, "H1_11", 3080, -2940, "T", "DIP", "1", "", "C", 66.929, 66.929, 43.308, 43.308, 180],
		[29, "H1_12", 3080, -3040, "T", "DIP", "16", "", "C", 66.929, 66.929, 43.308, 43.308, 180],
		[30, "H1_12", 3080, -3040, "T", "DIP", "16", "", "C", 66.929, 66.929, 43.308, 43.308, 180],
		[31, "H1_13", 2980, -2940, "T", "DIP", "13", "", "C", 66.929, 66.929, 43.308, 43.308, 180],
		[32, "H1_13", 2980, -2940, "T", "DIP", "13", "", "C", 66.929, 66.929, 43.308, 43.308, 180],
		[33, "H1_14", 2980, -3040, "T", "DIP", "11", "", "C", 66.929, 66.929, 43.308, 43.308, 180],
		[34, "H1_14", 2980, -3040, "T", "DIP", "11", "", "C", 66.929, 66.929, 43.308, 43.308, 180],
		[35, "H1_15", 2880, -2940, "T", "DIP", "12", "", "C", 66.929, 66.929, 43.308, 43.308, 180],
		[36, "H1_15", 2880, -2940, "T", "DIP", "12", "", "C", 66.929, 66.929, 43.308, 43.308, 180],
		[37, "H1_16", 2880, -3040, "T", "DIP", "10", "", "C", 66.929, 66.929, 43.308, 43.308, 180],
		[38, "H1_16", 2880, -3040, "T", "DIP", "10", "", "C", 66.929, 66.929, 43.308, 43.308, 180],
		[39, "H1_17", 2780, -2940, "T", "DIP", "GND", "GND", "C", 66.929, 66.929, 43.308, 43.308, 180],
		[40, "H1_17", 2780, -2940, "T", "DIP", "GND", "GND", "C", 66.929, 66.929, 43.308, 43.308, 180],
		[41, "H1_18", 2780, -3040, "T", "DIP", "NET21", "", "C", 66.929, 66.929, 43.308, 43.308, 180],
		[42, "H1_18", 2780, -3040, "T", "DIP", "NET21", "", "C", 66.929, 66.929, 43.308, 43.308, 180],
		[43, "H2_1", 3550, -1560, "T", "DIP", "CS", "", "R", 62, 66.929, 43.308, 43.308, 270],
		[44, "H2_1", 3550, -1560, "T", "DIP", "CS", "", "R", 62, 66.929, 43.308, 43.308, 270],
		[45, "H2_2", 3550, -1660, "T", "DIP", "DC", "", "C", 66.929, 66.929, 43.308, 43.308, 270],
		[46, "H2_2", 3550, -1660, "T", "DIP", "DC", "", "C", 66.929, 66.929, 43.308, 43.308, 270],
		[47, "H2_3", 3550, -1760, "T", "DIP", "RST", "", "C", 66.929, 66.929, 43.308, 43.308, 270],
		[48, "H2_3", 3550, -1760, "T", "DIP", "RST", "", "C", 66.929, 66.929, 43.308, 43.308, 270],
		[49, "H2_4", 3550, -1860, "T", "DIP", "SDA", "", "C", 66.929, 66.929, 43.308, 43.308, 270],
		[50, "H2_4", 3550, -1860, "T", "DIP", "SDA", "", "C", 66.929, 66.929, 43.308, 43.308, 270],
		[51, "H2_5", 3550, -1960, "T", "DIP", "SCK", "", "C", 66.929, 66.929, 43.308, 43.308, 270],
		[52, "H2_5", 3550, -1960, "T", "DIP", "SCK", "", "C", 66.929, 66.929, 43.308, 43.308, 270],
		[53, "H2_6", 3550, -2060, "T", "DIP", "NET1", "", "C", 66.929, 66.929, 43.308, 43.308, 270],
		[54, "H2_6", 3550, -2060, "T", "DIP", "NET1", "", "C", 66.929, 66.929, 43.308, 43.308, 270],
		[55, "H2_7", 3550, -2160, "T", "DIP", "GND", "GND", "C", 66.929, 66.929, 43.308, 43.308, 270],
		[56, "H2_7", 3550, -2160, "T", "DIP", "GND", "GND", "C", 66.929, 66.929, 43.308, 43.308, 270],
		[57, "H3_1", 240, -1820, "T", "DIP", "GPIO_RST", "", "R", 59.055, 59.055, 39.37, 39.37, 270],
		[58, "H3_1", 240, -1820, "T", "DIP", "GPIO_RST", "", "R", 59.055, 59.055, 39.37, 39.37, 270],
		[59, "H3_2", 240, -1920, "T", "DIP", "GPIO46A", "", "C", 59.055, 59.055, 39.37, 39.37, 270],
		[60, "H3_2", 240, -1920, "T", "DIP", "GPIO46A", "", "C", 59.055, 59.055, 39.37, 39.37, 270],
		[61, "H3_3", 240, -2020, "T", "DIP", "GPIO9A", "", "C", 59.055, 59.055, 39.37, 39.37, 270],
		[62, "H3_3", 240, -2020, "T", "DIP", "GPIO9A", "", "C", 59.055, 59.055, 39.37, 39.37, 270],
		[63, "H3_4", 240, -2120, "T", "DIP", "GPIO14A", "", "C", 59.055, 59.055, 39.37, 39.37, 270],
		[64, "H3_4", 240, -2120, "T", "DIP", "GPIO14A", "", "C", 59.055, 59.055, 39.37, 39.37, 270],
		[65, "H3_5", 240, -2220, "T", "DIP", "GPIO44A", "", "C", 59.055, 59.055, 39.37, 39.37, 270],
		[66, "H3_5", 240, -2220, "T", "DIP", "GPIO44A", "", "C", 59.055, 59.055, 39.37, 39.37, 270],
		[67, "H3_6", 240, -2320, "T", "DIP", "GPIO38A", "", "C", 59.055, 59.055, 39.37, 39.37, 270],
		[68, "H3_6", 240, -2320, "T", "DIP", "GPIO38A", "", "C", 59.055, 59.055, 39.37, 39.37, 270],
		[69, "H3_7", 240, -2420, "T", "DIP", "GPIO37A", "", "C", 59.055, 59.055, 39.37, 39.37, 270],
		[70, "H3_7", 240, -2420, "T", "DIP", "GPIO37A", "", "C", 59.055, 59.055, 39.37, 39.37, 270],
		[71, "H3_8", 240, -2520, "T", "DIP", "NET_1", "", "C", 59.055, 59.055, 39.37, 39.37, 270],
		[72, "H3_8", 240, -2520, "T", "DIP", "NET_1", "", "C", 59.055, 59.055, 39.37, 39.37, 270],
		[73, "H4_1", 945, -3160, "T", "DIP", "GPIO36A", "", "R", 59.055, 59.055, 39.37, 39.37, 180],
		[74, "H4_1", 945, -3160, "T", "DIP", "GPIO36A", "", "R", 59.055, 59.055, 39.37, 39.37, 180],
		[75, "H4_2", 845, -3160, "T", "DIP", "GPIO35A", "", "C", 59.055, 59.055, 39.37, 39.37, 180],
		[76, "H4_2", 845, -3160, "T", "DIP", "GPIO35A", "", "C", 59.055, 59.055, 39.37, 39.37, 180],
		[77, "H4_3", 745, -3160, "T", "DIP", "GPIO45A", "", "C", 59.055, 59.055, 39.37, 39.37, 180],
		[78, "H4_3", 745, -3160, "T", "DIP", "GPIO45A", "", "C", 59.055, 59.055, 39.37, 39.37, 180],
		[79, "H4_4", 645, -3160, "T", "DIP", "GPIO21A", "", "C", 59.055, 59.055, 39.37, 39.37, 180],
		[80, "H4_4", 645, -3160, "T", "DIP", "GPIO21A", "", "C", 59.055, 59.055, 39.37, 39.37, 180],
		[81, "H4_5", 545, -3160, "T", "DIP", "GPIO19A", "", "C", 59.055, 59.055, 39.37, 39.37, 180],
		[82, "H4_5", 545, -3160, "T", "DIP", "GPIO19A", "", "C", 59.055, 59.055, 39.37, 39.37, 180],
		[83, "H4_6", 445, -3160, "T", "DIP", "NET_2", "", "C", 59.055, 59.055, 39.37, 39.37, 180],
		[84, "H4_6", 445, -3160, "T", "DIP", "NET_2", "", "C", 59.055, 59.055, 39.37, 39.37, 180],
		[85, "H4_7", 345, -3160, "T", "DIP", "NET_3", "", "C", 59.055, 59.055, 39.37, 39.37, 180],
		[86, "H4_7", 345, -3160, "T", "DIP", "NET_3", "", "C", 59.055, 59.055, 39.37, 39.37, 180],
		[87, "H4_8", 245, -3160, "T", "DIP", "NET_4", "", "C", 59.055, 59.055, 39.37, 39.37, 180],
		[88, "H4_8", 245, -3160, "T", "DIP", "NET_4", "", "C", 59.055, 59.055, 39.37, 39.37, 180],
		[89, "L2_1", 754.8485, -616.709, "T", "SMD", "$1N178", "", "R", 95.433, 134.646, 0, 0, 0],
		[90, "L2_2", 496.7285, -616.709, "T", "SMD", "3.7V", "", "R", 95.433, 134.646, 0, 0, 0],
		[91, "P2_1", 148.89, -535.3984, "T", "DIP", "3.7V", "", "C", 78.74, 78.74, 51.182, 51.182, 0],
		[92, "P2_1", 148.89, -535.3984, "T", "DIP", "3.7V", "", "C", 78.74, 78.74, 51.182, 51.182, 0],
		[93, "P2_2", 148.89, -732.2984, "T", "DIP", "GND", "GND", "C", 78.74, 78.74, 51.182, 51.182, 0],
		[94, "P2_2", 148.89, -732.2984, "T", "DIP", "GND", "GND", "C", 78.74, 78.74, 51.182, 51.182, 0],
		[95, "R1_1", 829.37, -840, "T", "SMD", "V_OUT", "", "R", 44.588, 54.213, 0, 0, 180],
		[96, "R1_2", 750.63, -840, "T", "SMD", "$1N78", "", "R", 44.588, 54.213, 0, 0, 180],
		[97, "R2_1", 992.635, -952.9594, "T", "SMD", "GND", "GND", "R", 31.751, 34.016, 0, 0, 90],
		[98, "R2_2", 992.635, -893.6394, "T", "SMD", "$1N78", "", "R", 31.751, 34.016, 0, 0, 90],
		[99, "U1_1", 596.0285, -914.109, "T", "SMD", "$1N178", "", "R", 20.945, 42.205, 0, 0, 90],
		[100, "U1_2", 596.0285, -876.709, "T", "SMD", "GND", "GND", "R", 20.945, 42.205, 0, 0, 90],
		[101, "U1_3", 596.0285, -839.309, "T", "SMD", "$1N78", "", "R", 20.945, 42.205, 0, 0, 90],
		[102, "U1_4", 505.5485, -839.309, "T", "SMD", "3.7V", "", "R", 20.945, 42.205, 0, 0, 90],
		[103, "U1_5", 505.5485, -876.709, "T", "SMD", "3.7V", "", "R", 20.945, 42.205, 0, 0, 90],
		[104, "U1_6", 505.5485, -914.109, "T", "SMD", "NET_5", "", "R", 20.945, 42.205, 0, 0, 90],
		[105, "U2_1", 2145, -2705, "T", "DIP", "GND", "GND", "R", 62.992, 62.992, 41.338, 41.338, 180],
		[106, "U2_1", 2145, -2705, "T", "DIP", "GND", "GND", "R", 62.992, 62.992, 41.338, 41.338, 180],
		[107, "U2_2", 2045, -2705, "T", "DIP", "CLK", "", "C", 62.992, 62.992, 41.338, 41.338, 180],
		[108, "U2_2", 2045, -2705, "T", "DIP", "CLK", "", "C", 62.992, 62.992, 41.338, 41.338, 180],
		[109, "U2_3", 1945, -2705, "T", "DIP", "GPIO44A", "", "C", 62.992, 62.992, 41.338, 41.338, 180],
		[110, "U2_3", 1945, -2705, "T", "DIP", "GPIO44A", "", "C", 62.992, 62.992, 41.338, 41.338, 180],
		[111, "U2_4", 1845, -2705, "T", "DIP", "1", "", "C", 62.992, 62.992, 41.338, 41.338, 180],
		[112, "U2_4", 1845, -2705, "T", "DIP", "1", "", "C", 62.992, 62.992, 41.338, 41.338, 180],
		[113, "U2_5", 1745, -2705, "T", "DIP", "2", "", "C", 62.992, 62.992, 41.338, 41.338, 180],
		[114, "U2_5", 1745, -2705, "T", "DIP", "2", "", "C", 62.992, 62.992, 41.338, 41.338, 180],
		[115, "U2_6", 1645, -2705, "T", "DIP", "CS_SD", "", "C", 62.992, 62.992, 41.338, 41.338, 180],
		[116, "U2_6", 1645, -2705, "T", "DIP", "CS_SD", "", "C", 62.992, 62.992, 41.338, 41.338, 180],
		[117, "U2_7", 1545, -2705, "T", "DIP", "SCK_SD", "", "C", 62.992, 62.992, 41.338, 41.338, 180],
		[118, "U2_7", 1545, -2705, "T", "DIP", "SCK_SD", "", "C", 62.992, 62.992, 41.338, 41.338, 180],
		[119, "U2_8", 1445, -2705, "T", "DIP", "MOSI", "", "C", 62.992, 62.992, 41.338, 41.338, 180],
		[120, "U2_8", 1445, -2705, "T", "DIP", "MOSI", "", "C", 62.992, 62.992, 41.338, 41.338, 180],
		[121, "U2_9", 1345, -2705, "T", "DIP", "MISO", "", "C", 62.992, 62.992, 41.338, 41.338, 180],
		[122, "U2_9", 1345, -2705, "T", "DIP", "MISO", "", "C", 62.992, 62.992, 41.338, 41.338, 180],
		[123, "U2_10", 1245, -2705, "T", "DIP", "GPIO38A", "", "C", 62.992, 62.992, 41.338, 41.338, 180],
		[124, "U2_10", 1245, -2705, "T", "DIP", "GPIO38A", "", "C", 62.992, 62.992, 41.338, 41.338, 180],
		[125, "U2_11", 1145, -2705, "T", "DIP", "GPIO37A", "", "C", 62.992, 62.992, 41.338, 41.338, 180],
		[126, "U2_11", 1145, -2705, "T", "DIP", "GPIO37A", "", "C", 62.992, 62.992, 41.338, 41.338, 180],
		[127, "U2_12", 1045, -2705, "T", "DIP", "GPIO36A", "", "C", 62.992, 62.992, 41.338, 41.338, 180],
		[128, "U2_12", 1045, -2705, "T", "DIP", "GPIO36A", "", "C", 62.992, 62.992, 41.338, 41.338, 180],
		[129, "U2_13", 945, -2705, "T", "DIP", "GPIO35A", "", "C", 62.992, 62.992, 41.338, 41.338, 180],
		[130, "U2_13", 945, -2705, "T", "DIP", "GPIO35A", "", "C", 62.992, 62.992, 41.338, 41.338, 180],
		[131, "U2_14", 845, -2705, "T", "DIP", "RST", "", "C", 62.992, 62.992, 41.338, 41.338, 180],
		[132, "U2_14", 845, -2705, "T", "DIP", "RST", "", "C", 62.992, 62.992, 41.338, 41.338, 180],
		[133, "U2_15", 745, -2705, "T", "DIP", "GPIO45A", "", "C", 62.992, 62.992, 41.338, 41.338, 180],
		[134, "U2_15", 745, -2705, "T", "DIP", "GPIO45A", "", "C", 62.992, 62.992, 41.338, 41.338, 180],
		[135, "U2_16", 645, -2705, "T", "DIP", "DC", "", "C", 62.992, 62.992, 41.338, 41.338, 180],
		[136, "U2_16", 645, -2705, "T", "DIP", "DC", "", "C", 62.992, 62.992, 41.338, 41.338, 180],
		[137, "U2_17", 545, -2705, "T", "DIP", "CS", "", "C", 62.992, 62.992, 41.338, 41.338, 180],
		[138, "U2_17", 545, -2705, "T", "DIP", "CS", "", "C", 62.992, 62.992, 41.338, 41.338, 180],
		[139, "U2_18", 445, -2705, "T", "DIP", "GPIO21A", "", "C", 62.992, 62.992, 41.338, 41.338, 180],
		[140, "U2_18", 445, -2705, "T", "DIP", "GPIO21A", "", "C", 62.992, 62.992, 41.338, 41.338, 180],
		[141, "U2_19", 345, -2705, "T", "DIP", "SDA", "", "C", 62.992, 62.992, 41.338, 41.338, 180],
		[142, "U2_19", 345, -2705, "T", "DIP", "SDA", "", "C", 62.992, 62.992, 41.338, 41.338, 180],
		[143, "U2_20", 245, -2705, "T", "DIP", "GPIO19A", "", "C", 62.992, 62.992, 41.338, 41.338, 180],
		[144, "U2_20", 245, -2705, "T", "DIP", "GPIO19A", "", "C", 62.992, 62.992, 41.338, 41.338, 180],
		[145, "U2_21", 145, -2705, "T", "DIP", "GND", "GND", "C", 62.992, 62.992, 41.338, 41.338, 180],
		[146, "U2_21", 145, -2705, "T", "DIP", "GND", "GND", "C", 62.992, 62.992, 41.338, 41.338, 180],
		[147, "U2_22", 45, -2705, "T", "DIP", "GND", "GND", "C", 62.992, 62.992, 41.338, 41.338, 180],
		[148, "U2_22", 45, -2705, "T", "DIP", "GND", "GND", "C", 62.992, 62.992, 41.338, 41.338, 180],
		[149, "U3_1", 1460, -1185, "T", "DIP", "GND", "GND", "R", 62, 66.929, 43.308, 43.308, 0],
		[150, "U3_1", 1460, -1185, "T", "DIP", "GND", "GND", "R", 62, 66.929, 43.308, 43.308, 0],
		[151, "U3_2", 1560, -1185, "T", "DIP", "MISO", "", "C", 66.929, 66.929, 43.308, 43.308, 0],
		[152, "U3_2", 1560, -1185, "T", "DIP", "MISO", "", "C", 66.929, 66.929, 43.308, 43.308, 0],
		[153, "U3_3", 1660, -1185, "T", "DIP", "SCK_SD", "", "C", 66.929, 66.929, 43.308, 43.308, 0],
		[154, "U3_3", 1660, -1185, "T", "DIP", "SCK_SD", "", "C", 66.929, 66.929, 43.308, 43.308, 0],
		[155, "U3_4", 1760, -1185, "T", "DIP", "MOSI", "", "C", 66.929, 66.929, 43.308, 43.308, 0],
		[156, "U3_4", 1760, -1185, "T", "DIP", "MOSI", "", "C", 66.929, 66.929, 43.308, 43.308, 0],
		[157, "U3_5", 1860, -1185, "T", "DIP", "CS_SD", "", "C", 66.929, 66.929, 43.308, 43.308, 0],
		[158, "U3_5", 1860, -1185, "T", "DIP", "CS_SD", "", "C", 66.929, 66.929, 43.308, 43.308, 0],
		[159, "U3_6", 1960, -1185, "T", "DIP", "V_OUT", "", "C", 66.929, 66.929, 43.308, 43.308, 0],
		[160, "U3_6", 1960, -1185, "T", "DIP", "V_OUT", "", "C", 66.929, 66.929, 43.308, 43.308, 0],
		[161, "U3_7", 2060, -1185, "T", "DIP", "NET_6", "", "C", 66.929, 66.929, 43.308, 43.308, 0],
		[162, "U3_7", 2060, -1185, "T", "DIP", "NET_6", "", "C", 66.929, 66.929, 43.308, 43.308, 0],
		[163, "U3_8", 2160, -1185, "T", "DIP", "GND", "GND", "C", 66.929, 66.929, 43.308, 43.308, 0],
		[164, "U3_8", 2160, -1185, "T", "DIP", "GND", "GND", "C", 66.929, 66.929, 43.308, 43.308, 0],
		[165, "U4_1", 2150, -1605, "T", "DIP", "NET21", "", "R", 62.992, 62.992, 41.338, 41.338, 180],
		[166, "U4_1", 2150, -1605, "T", "DIP", "NET21", "", "R", 62.992, 62.992, 41.338, 41.338, 180],
		[167, "U4_2", 2050, -1605, "T", "DIP", "NET1", "", "C", 62.992, 62.992, 41.338, 41.338, 180],
		[168, "U4_2", 2050, -1605, "T", "DIP", "NET1", "", "C", 62.992, 62.992, 41.338, 41.338, 180],
		[169, "U4_3", 1950, -1605, "T", "DIP", "GPIO_RST", "", "C", 62.992, 62.992, 41.338, 41.338, 180],
		[170, "U4_3", 1950, -1605, "T", "DIP", "GPIO_RST", "", "C", 62.992, 62.992, 41.338, 41.338, 180],
		[171, "U4_4", 1850, -1605, "T", "DIP", "4A", "", "C", 62.992, 62.992, 41.338, 41.338, 180],
		[172, "U4_4", 1850, -1605, "T", "DIP", "4A", "", "C", 62.992, 62.992, 41.338, 41.338, 180],
		[173, "U4_5", 1750, -1605, "T", "DIP", "5A", "", "C", 62.992, 62.992, 41.338, 41.338, 180],
		[174, "U4_5", 1750, -1605, "T", "DIP", "5A", "", "C", 62.992, 62.992, 41.338, 41.338, 180],
		[175, "U4_6", 1650, -1605, "T", "DIP", "6", "", "C", 62.992, 62.992, 41.338, 41.338, 180],
		[176, "U4_6", 1650, -1605, "T", "DIP", "6", "", "C", 62.992, 62.992, 41.338, 41.338, 180],
		[177, "U4_7", 1550, -1605, "T", "DIP", "7", "", "C", 62.992, 62.992, 41.338, 41.338, 180],
		[178, "U4_7", 1550, -1605, "T", "DIP", "7", "", "C", 62.992, 62.992, 41.338, 41.338, 180],
		[179, "U4_8", 1450, -1605, "T", "DIP", "15", "", "C", 62.992, 62.992, 41.338, 41.338, 180],
		[180, "U4_8", 1450, -1605, "T", "DIP", "15", "", "C", 62.992, 62.992, 41.338, 41.338, 180],
		[181, "U4_9", 1350, -1605, "T", "DIP", "16", "", "C", 62.992, 62.992, 41.338, 41.338, 180],
		[182, "U4_9", 1350, -1605, "T", "DIP", "16", "", "C", 62.992, 62.992, 41.338, 41.338, 180],
		[183, "U4_10", 1250, -1605, "T", "DIP", "17", "", "C", 62.992, 62.992, 41.338, 41.338, 180],
		[184, "U4_10", 1250, -1605, "T", "DIP", "17", "", "C", 62.992, 62.992, 41.338, 41.338, 180],
		[185, "U4_11", 1150, -1605, "T", "DIP", "SCK", "", "C", 62.992, 62.992, 41.338, 41.338, 180],
		[186, "U4_11", 1150, -1605, "T", "DIP", "SCK", "", "C", 62.992, 62.992, 41.338, 41.338, 180],
		[187, "U4_12", 1050, -1605, "T", "DIP", "8", "", "C", 62.992, 62.992, 41.338, 41.338, 180],
		[188, "U4_12", 1050, -1605, "T", "DIP", "8", "", "C", 62.992, 62.992, 41.338, 41.338, 180],
		[189, "U4_13", 950, -1605, "T", "DIP", "3", "", "C", 62.992, 62.992, 41.338, 41.338, 180],
		[190, "U4_13", 950, -1605, "T", "DIP", "3", "", "C", 62.992, 62.992, 41.338, 41.338, 180],
		[191, "U4_14", 850, -1605, "T", "DIP", "GPIO46A", "", "C", 62.992, 62.992, 41.338, 41.338, 180],
		[192, "U4_14", 850, -1605, "T", "DIP", "GPIO46A", "", "C", 62.992, 62.992, 41.338, 41.338, 180],
		[193, "U4_15", 750, -1605, "T", "DIP", "GPIO9A", "", "C", 62.992, 62.992, 41.338, 41.338, 180],
		[194, "U4_15", 750, -1605, "T", "DIP", "GPIO9A", "", "C", 62.992, 62.992, 41.338, 41.338, 180],
		[195, "U4_16", 650, -1605, "T", "DIP", "10", "", "C", 62.992, 62.992, 41.338, 41.338, 180],
		[196, "U4_16", 650, -1605, "T", "DIP", "10", "", "C", 62.992, 62.992, 41.338, 41.338, 180],
		[197, "U4_17", 550, -1605, "T", "DIP", "11", "", "C", 62.992, 62.992, 41.338, 41.338, 180],
		[198, "U4_17", 550, -1605, "T", "DIP", "11", "", "C", 62.992, 62.992, 41.338, 41.338, 180],
		[199, "U4_18", 450, -1605, "T", "DIP", "12", "", "C", 62.992, 62.992, 41.338, 41.338, 180],
		[200, "U4_18", 450, -1605, "T", "DIP", "12", "", "C", 62.992, 62.992, 41.338, 41.338, 180],
		[201, "U4_19", 350, -1605, "T", "DIP", "13", "", "C", 62.992, 62.992, 41.338, 41.338, 180],
		[202, "U4_19", 350, -1605, "T", "DIP", "13", "", "C", 62.992, 62.992, 41.338, 41.338, 180],
		[203, "U4_20", 250, -1605, "T", "DIP", "GPIO14A", "", "C", 62.992, 62.992, 41.338, 41.338, 180],
		[204, "U4_20", 250, -1605, "T", "DIP", "GPIO14A", "", "C", 62.992, 62.992, 41.338, 41.338, 180],
		[205, "U4_21", 150, -1605, "T", "DIP", "V_OUT", "", "C", 62.992, 62.992, 41.338, 41.338, 180],
		[206, "U4_21", 150, -1605, "T", "DIP", "V_OUT", "", "C", 62.992, 62.992, 41.338, 41.338, 180],
		[207, "U4_22", 50, -1605, "T", "DIP", "GND", "GND", "C", 62.992, 62.992, 41.338, 41.338, 180],
		[208, "U4_22", 50, -1605, "T", "DIP", "GND", "GND", "C", 62.992, 62.992, 41.338, 41.338, 180],
		[209, "PAD1_1", 148.89, -535.3984, "T", "DIP", "3.7V", "", "C", 78.74, 78.74, 51.182, 51.182, 0],
		[210, "PAD1_1", 148.89, -535.3984, "T", "DIP", "3.7V", "", "C", 78.74, 78.74, 51.182, 51.182, 0],
		[211, "PAD2_2", 148.89, -732.2984, "T", "DIP", "GND", "GND", "C", 78.74, 78.74, 51.182, 51.182, 0],
		[212, "PAD2_2", 148.89, -732.2984, "T", "DIP", "GND", "GND", "C", 78.74, 78.74, 51.182, 51.182, 0],
		[213, "PAD3_1", 596.0285, -914.109, "T", "SMD", "$1N178", "", "R", 20.945, 42.205, 0, 0, 90],
		[214, "PAD4_2", 596.0285, -876.709, "T", "SMD", "GND", "GND", "R", 20.945, 42.205, 0, 0, 90],
		[215, "PAD5_3", 596.0285, -839.309, "T", "SMD", "$1N78", "", "R", 20.945, 42.205, 0, 0, 90],
		[216, "PAD6_4", 505.5485, -839.309, "T", "SMD", "3.7V", "", "R", 20.945, 42.205, 0, 0, 90],
		[217, "PAD7_5", 505.5485, -876.709, "T", "SMD", "3.7V", "", "R", 20.945, 42.205, 0, 0, 90],
		[218, "PAD8_1", 2145, -2705, "T", "DIP", "GND", "GND", "R", 62.992, 62.992, 41.338, 41.338, 180],
		[219, "PAD8_1", 2145, -2705, "T", "DIP", "GND", "GND", "R", 62.992, 62.992, 41.338, 41.338, 180],
		[220, "PAD9_2", 2045, -2705, "T", "DIP", "CLK", "", "C", 62.992, 62.992, 41.338, 41.338, 180],
		[221, "PAD9_2", 2045, -2705, "T", "DIP", "CLK", "", "C", 62.992, 62.992, 41.338, 41.338, 180],
		[222, "PAD10_3", 1945, -2705, "T", "DIP", "GPIO44A", "", "C", 62.992, 62.992, 41.338, 41.338, 180],
		[223, "PAD10_3", 1945, -2705, "T", "DIP", "GPIO44A", "", "C", 62.992, 62.992, 41.338, 41.338, 180],
		[224, "PAD11_4", 1845, -2705, "T", "DIP", "1", "", "C", 62.992, 62.992, 41.338, 41.338, 180],
		[225, "PAD11_4", 1845, -2705, "T", "DIP", "1", "", "C", 62.992, 62.992, 41.338, 41.338, 180],
		[226, "PAD12_5", 1745, -2705, "T", "DIP", "2", "", "C", 62.992, 62.992, 41.338, 41.338, 180],
		[227, "PAD12_5", 1745, -2705, "T", "DIP", "2", "", "C", 62.992, 62.992, 41.338, 41.338, 180],
		[228, "PAD13_6", 1645, -2705, "T", "DIP", "CS_SD", "", "C", 62.992, 62.992, 41.338, 41.338, 180],
		[229, "PAD13_6", 1645, -2705, "T", "DIP", "CS_SD", "", "C", 62.992, 62.992, 41.338, 41.338, 180],
		[230, "PAD14_7", 1545, -2705, "T", "DIP", "SCK_SD", "", "C", 62.992, 62.992, 41.338, 41.338, 180],
		[231, "PAD14_7", 1545, -2705, "T", "DIP", "SCK_SD", "", "C", 62.992, 62.992, 41.338, 41.338, 180],
		[232, "PAD15_8", 1445, -2705, "T", "DIP", "MOSI", "", "C", 62.992, 62.992, 41.338, 41.338, 180],
		[233, "PAD15_8", 1445, -2705, "T", "DIP", "MOSI", "", "C", 62.992, 62.992, 41.338, 41.338, 180],
		[234, "PAD16_9", 1345, -2705, "T", "DIP", "MISO", "", "C", 62.992, 62.992, 41.338, 41.338, 180],
		[235, "PAD16_9", 1345, -2705, "T", "DIP", "MISO", "", "C", 62.992, 62.992, 41.338, 41.338, 180],
		[236, "PAD17_10", 1245, -2705, "T", "DIP", "GPIO38A", "", "C", 62.992, 62.992, 41.338, 41.338, 180],
		[237, "PAD17_10", 1245, -2705, "T", "DIP", "GPIO38A", "", "C", 62.992, 62.992, 41.338, 41.338, 180],
		[238, "PAD18_11", 1145, -2705, "T", "DIP", "GPIO37A", "", "C", 62.992, 62.992, 41.338, 41.338, 180],
		[239, "PAD18_11", 1145, -2705, "T", "DIP", "GPIO37A", "", "C", 62.992, 62.992, 41.338, 41.338, 180],
		[240, "PAD19_12", 1045, -2705, "T", "DIP", "GPIO36A", "", "C", 62.992, 62.992, 41.338, 41.338, 180],
		[241, "PAD19_12", 1045, -2705, "T", "DIP", "GPIO36A", "", "C", 62.992, 62.992, 41.338, 41.338, 180],
		[242, "PAD20_13", 945, -2705, "T", "DIP", "GPIO35A", "", "C", 62.992, 62.992, 41.338, 41.338, 180],
		[243, "PAD20_13", 945, -2705, "T", "DIP", "GPIO35A", "", "C", 62.992, 62.992, 41.338, 41.338, 180],
		[244, "PAD21_14", 845, -2705, "T", "DIP", "RST", "", "C", 62.992, 62.992, 41.338, 41.338, 180],
		[245, "PAD21_14", 845, -2705, "T", "DIP", "RST", "", "C", 62.992, 62.992, 41.338, 41.338, 180],
		[246, "PAD22_15", 745, -2705, "T", "DIP", "GPIO45A", "", "C", 62.992, 62.992, 41.338, 41.338, 180],
		[247, "PAD22_15", 745, -2705, "T", "DIP", "GPIO45A", "", "C", 62.992, 62.992, 41.338, 41.338, 180],
		[248, "PAD23_16", 645, -2705, "T", "DIP", "DC", "", "C", 62.992, 62.992, 41.338, 41.338, 180],
		[249, "PAD23_16", 645, -2705, "T", "DIP", "DC", "", "C", 62.992, 62.992, 41.338, 41.338, 180],
		[250, "PAD24_17", 545, -2705, "T", "DIP", "CS", "", "C", 62.992, 62.992, 41.338, 41.338, 180],
		[251, "PAD24_17", 545, -2705, "T", "DIP", "CS", "", "C", 62.992, 62.992, 41.338, 41.338, 180],
		[252, "PAD25_18", 445, -2705, "T", "DIP", "GPIO21A", "", "C", 62.992, 62.992, 41.338, 41.338, 180],
		[253, "PAD25_18", 445, -2705, "T", "DIP", "GPIO21A", "", "C", 62.992, 62.992, 41.338, 41.338, 180],
		[254, "PAD26_19", 345, -2705, "T", "DIP", "SDA", "", "C", 62.992, 62.992, 41.338, 41.338, 180],
		[255, "PAD26_19", 345, -2705, "T", "DIP", "SDA", "", "C", 62.992, 62.992, 41.338, 41.338, 180],
		[256, "PAD27_20", 245, -2705, "T", "DIP", "GPIO19A", "", "C", 62.992, 62.992, 41.338, 41.338, 180],
		[257, "PAD27_20", 245, -2705, "T", "DIP", "GPIO19A", "", "C", 62.992, 62.992, 41.338, 41.338, 180],
		[258, "PAD28_21", 145, -2705, "T", "DIP", "GND", "GND", "C", 62.992, 62.992, 41.338, 41.338, 180],
		[259, "PAD28_21", 145, -2705, "T", "DIP", "GND", "GND", "C", 62.992, 62.992, 41.338, 41.338, 180],
		[260, "PAD29_22", 45, -2705, "T", "DIP", "GND", "GND", "C", 62.992, 62.992, 41.338, 41.338, 180],
		[261, "PAD29_22", 45, -2705, "T", "DIP", "GND", "GND", "C", 62.992, 62.992, 41.338, 41.338, 180],
		[262, "PAD30_1", 2150, -1605, "T", "DIP", "NET21", "", "R", 62.992, 62.992, 41.338, 41.338, 180],
		[263, "PAD30_1", 2150, -1605, "T", "DIP", "NET21", "", "R", 62.992, 62.992, 41.338, 41.338, 180],
		[264, "PAD31_2", 2050, -1605, "T", "DIP", "NET1", "", "C", 62.992, 62.992, 41.338, 41.338, 180],
		[265, "PAD31_2", 2050, -1605, "T", "DIP", "NET1", "", "C", 62.992, 62.992, 41.338, 41.338, 180],
		[266, "PAD32_3", 1950, -1605, "T", "DIP", "GPIO_RST", "", "C", 62.992, 62.992, 41.338, 41.338, 180],
		[267, "PAD32_3", 1950, -1605, "T", "DIP", "GPIO_RST", "", "C", 62.992, 62.992, 41.338, 41.338, 180],
		[268, "PAD33_4", 1850, -1605, "T", "DIP", "4A", "", "C", 62.992, 62.992, 41.338, 41.338, 180],
		[269, "PAD33_4", 1850, -1605, "T", "DIP", "4A", "", "C", 62.992, 62.992, 41.338, 41.338, 180],
		[270, "PAD34_5", 1750, -1605, "T", "DIP", "5A", "", "C", 62.992, 62.992, 41.338, 41.338, 180],
		[271, "PAD34_5", 1750, -1605, "T", "DIP", "5A", "", "C", 62.992, 62.992, 41.338, 41.338, 180],
		[272, "PAD35_6", 1650, -1605, "T", "DIP", "6", "", "C", 62.992, 62.992, 41.338, 41.338, 180],
		[273, "PAD35_6", 1650, -1605, "T", "DIP", "6", "", "C", 62.992, 62.992, 41.338, 41.338, 180],
		[274, "PAD36_7", 1550, -1605, "T", "DIP", "7", "", "C", 62.992, 62.992, 41.338, 41.338, 180],
		[275, "PAD36_7", 1550, -1605, "T", "DIP", "7", "", "C", 62.992, 62.992, 41.338, 41.338, 180],
		[276, "PAD37_8", 1450, -1605, "T", "DIP", "15", "", "C", 62.992, 62.992, 41.338, 41.338, 180],
		[277, "PAD37_8", 1450, -1605, "T", "DIP", "15", "", "C", 62.992, 62.992, 41.338, 41.338, 180],
		[278, "PAD38_9", 1350, -1605, "T", "DIP", "16", "", "C", 62.992, 62.992, 41.338, 41.338, 180],
		[279, "PAD38_9", 1350, -1605, "T", "DIP", "16", "", "C", 62.992, 62.992, 41.338, 41.338, 180],
		[280, "PAD39_10", 1250, -1605, "T", "DIP", "17", "", "C", 62.992, 62.992, 41.338, 41.338, 180],
		[281, "PAD39_10", 1250, -1605, "T", "DIP", "17", "", "C", 62.992, 62.992, 41.338, 41.338, 180],
		[282, "PAD40_11", 1150, -1605, "T", "DIP", "SCK", "", "C", 62.992, 62.992, 41.338, 41.338, 180],
		[283, "PAD40_11", 1150, -1605, "T", "DIP", "SCK", "", "C", 62.992, 62.992, 41.338, 41.338, 180],
		[284, "PAD41_12", 1050, -1605, "T", "DIP", "8", "", "C", 62.992, 62.992, 41.338, 41.338, 180],
		[285, "PAD41_12", 1050, -1605, "T", "DIP", "8", "", "C", 62.992, 62.992, 41.338, 41.338, 180],
		[286, "PAD42_13", 950, -1605, "T", "DIP", "3", "", "C", 62.992, 62.992, 41.338, 41.338, 180],
		[287, "PAD42_13", 950, -1605, "T", "DIP", "3", "", "C", 62.992, 62.992, 41.338, 41.338, 180],
		[288, "PAD43_14", 850, -1605, "T", "DIP", "GPIO46A", "", "C", 62.992, 62.992, 41.338, 41.338, 180],
		[289, "PAD43_14", 850, -1605, "T", "DIP", "GPIO46A", "", "C", 62.992, 62.992, 41.338, 41.338, 180],
		[290, "PAD44_15", 750, -1605, "T", "DIP", "GPIO9A", "", "C", 62.992, 62.992, 41.338, 41.338, 180],
		[291, "PAD44_15", 750, -1605, "T", "DIP", "GPIO9A", "", "C", 62.992, 62.992, 41.338, 41.338, 180],
		[292, "PAD45_16", 650, -1605, "T", "DIP", "10", "", "C", 62.992, 62.992, 41.338, 41.338, 180],
		[293, "PAD45_16", 650, -1605, "T", "DIP", "10", "", "C", 62.992, 62.992, 41.338, 41.338, 180],
		[294, "PAD46_17", 550, -1605, "T", "DIP", "11", "", "C", 62.992, 62.992, 41.338, 41.338, 180],
		[295, "PAD46_17", 550, -1605, "T", "DIP", "11", "", "C", 62.992, 62.992, 41.338, 41.338, 180],
		[296, "PAD47_18", 450, -1605, "T", "DIP", "12", "", "C", 62.992, 62.992, 41.338, 41.338, 180],
		[297, "PAD47_18", 450, -1605, "T", "DIP", "12", "", "C", 62.992, 62.992, 41.338, 41.338, 180],
		[298, "PAD48_19", 350, -1605, "T", "DIP", "13", "", "C", 62.992, 62.992, 41.338, 41.338, 180],
		[299, "PAD48_19", 350, -1605, "T", "DIP", "13", "", "C", 62.992, 62.992, 41.338, 41.338, 180],
		[300, "PAD49_20", 250, -1605, "T", "DIP", "GPIO14A", "", "C", 62.992, 62.992, 41.338, 41.338, 180],
		[301, "PAD49_20", 250, -1605, "T", "DIP", "GPIO14A", "", "C", 62.992, 62.992, 41.338, 41.338, 180],
		[302, "PAD50_21", 150, -1605, "T", "DIP", "V_OUT", "", "C", 62.992, 62.992, 41.338, 41.338, 180],
		[303, "PAD50_21", 150, -1605, "T", "DIP", "V_OUT", "", "C", 62.992, 62.992, 41.338, 41.338, 180],
		[304, "PAD51_22", 50, -1605, "T", "DIP", "GND", "GND", "C", 62.992, 62.992, 41.338, 41.338, 180],
		[305, "PAD51_22", 50, -1605, "T", "DIP", "GND", "GND", "C", 62.992, 62.992, 41.338, 41.338, 180],
		[306, "PAD52_18", 2780, -3040, "T", "DIP", "NET21", "", "C", 66.929, 66.929, 43.308, 43.308, 180],
		[307, "PAD52_18", 2780, -3040, "T", "DIP", "NET21", "", "C", 66.929, 66.929, 43.308, 43.308, 180],
		[308, "PAD53_17", 2780, -2940, "T", "DIP", "GND", "GND", "C", 66.929, 66.929, 43.308, 43.308, 180],
		[309, "PAD53_17", 2780, -2940, "T", "DIP", "GND", "GND", "C", 66.929, 66.929, 43.308, 43.308, 180],
		[310, "PAD54_16", 2880, -3040, "T", "DIP", "10", "", "C", 66.929, 66.929, 43.308, 43.308, 180],
		[311, "PAD54_16", 2880, -3040, "T", "DIP", "10", "", "C", 66.929, 66.929, 43.308, 43.308, 180],
		[312, "PAD55_15", 2880, -2940, "T", "DIP", "12", "", "C", 66.929, 66.929, 43.308, 43.308, 180],
		[313, "PAD55_15", 2880, -2940, "T", "DIP", "12", "", "C", 66.929, 66.929, 43.308, 43.308, 180],
		[314, "PAD56_14", 2980, -3040, "T", "DIP", "11", "", "C", 66.929, 66.929, 43.308, 43.308, 180],
		[315, "PAD56_14", 2980, -3040, "T", "DIP", "11", "", "C", 66.929, 66.929, 43.308, 43.308, 180],
		[316, "PAD57_13", 2980, -2940, "T", "DIP", "13", "", "C", 66.929, 66.929, 43.308, 43.308, 180],
		[317, "PAD57_13", 2980, -2940, "T", "DIP", "13", "", "C", 66.929, 66.929, 43.308, 43.308, 180],
		[318, "PAD58_12", 3080, -3040, "T", "DIP", "16", "", "C", 66.929, 66.929, 43.308, 43.308, 180],
		[319, "PAD58_12", 3080, -3040, "T", "DIP", "16", "", "C", 66.929, 66.929, 43.308, 43.308, 180],
		[320, "PAD59_11", 3080, -2940, "T", "DIP", "1", "", "C", 66.929, 66.929, 43.308, 43.308, 180],
		[321, "PAD59_11", 3080, -2940, "T", "DIP", "1", "", "C", 66.929, 66.929, 43.308, 43.308, 180],
		[322, "PAD60_10", 3180, -3040, "T", "DIP", "2", "", "C", 66.929, 66.929, 43.308, 43.308, 180],
		[323, "PAD60_10", 3180, -3040, "T", "DIP", "2", "", "C", 66.929, 66.929, 43.308, 43.308, 180],
		[324, "PAD61_9", 3180, -2940, "T", "DIP", "3", "", "C", 66.929, 66.929, 43.308, 43.308, 180],
		[325, "PAD61_9", 3180, -2940, "T", "DIP", "3", "", "C", 66.929, 66.929, 43.308, 43.308, 180],
		[326, "PAD62_8", 3280, -3040, "T", "DIP", "4A", "", "C", 66.929, 66.929, 43.308, 43.308, 180],
		[327, "PAD62_8", 3280, -3040, "T", "DIP", "4A", "", "C", 66.929, 66.929, 43.308, 43.308, 180],
		[328, "PAD63_7", 3280, -2940, "T", "DIP", "5A", "", "C", 66.929, 66.929, 43.308, 43.308, 180],
		[329, "PAD63_7", 3280, -2940, "T", "DIP", "5A", "", "C", 66.929, 66.929, 43.308, 43.308, 180],
		[330, "PAD64_6", 3380, -3040, "T", "DIP", "6", "", "C", 66.929, 66.929, 43.308, 43.308, 180],
		[331, "PAD64_6", 3380, -3040, "T", "DIP", "6", "", "C", 66.929, 66.929, 43.308, 43.308, 180],
		[332, "PAD65_5", 3380, -2940, "T", "DIP", "7", "", "C", 66.929, 66.929, 43.308, 43.308, 180],
		[333, "PAD65_5", 3380, -2940, "T", "DIP", "7", "", "C", 66.929, 66.929, 43.308, 43.308, 180],
		[334, "PAD66_4", 3480, -3040, "T", "DIP", "8", "", "C", 66.929, 66.929, 43.308, 43.308, 180],
		[335, "PAD66_4", 3480, -3040, "T", "DIP", "8", "", "C", 66.929, 66.929, 43.308, 43.308, 180],
		[336, "PAD67_3", 3480, -2940, "T", "DIP", "CLK", "", "C", 66.929, 66.929, 43.308, 43.308, 180],
		[337, "PAD67_3", 3480, -2940, "T", "DIP", "CLK", "", "C", 66.929, 66.929, 43.308, 43.308, 180],
		[338, "PAD68_2", 3580, -3040, "T", "DIP", "17", "", "C", 66.929, 66.929, 43.308, 43.308, 180],
		[339, "PAD68_2", 3580, -3040, "T", "DIP", "17", "", "C", 66.929, 66.929, 43.308, 43.308, 180],
		[340, "PAD69_1", 3580, -2940, "T", "DIP", "15", "", "R", 66.929, 66.929, 43.308, 43.308, 180],
		[341, "PAD69_1", 3580, -2940, "T", "DIP", "15", "", "R", 66.929, 66.929, 43.308, 43.308, 180],
		[342, "PAD70_2", 995, -769.37, "T", "SMD", "GND", "GND", "R", 55.512, 53.15, 0, 0, 270],
		[343, "PAD71_1", 995, -690.63, "T", "SMD", "V_OUT", "", "R", 55.512, 53.15, 0, 0, 270],
		[344, "PAD72_2", 556.46, -1015, "T", "SMD", "GND", "GND", "R", 31.106, 21.26, 0, 0, 0],
		[345, "PAD73_1", 513.54, -1015, "T", "SMD", "3.7V", "", "R", 31.106, 21.26, 0, 0, 0],
		[346, "PAD74_1", 949.295, -535.37, "T", "SMD", "$1N178", "", "R", 80.566, 63.78, 0, 0, 0],
		[347, "PAD75_2", 1130.705, -534.63, "T", "SMD", "V_OUT", "", "R", 80.566, 63.78, 0, 0, 180],
		[348, "PAD76_1", 754.8485, -616.709, "T", "SMD", "$1N178", "", "R", 95.433, 134.646, 0, 0, 0],
		[349, "PAD77_2", 496.7285, -616.709, "T", "SMD", "3.7V", "", "R", 95.433, 134.646, 0, 0, 0],
		[350, "PAD78_2", 750.63, -840, "T", "SMD", "$1N78", "", "R", 44.588, 54.213, 0, 0, 180],
		[351, "PAD79_1", 829.37, -840, "T", "SMD", "V_OUT", "", "R", 44.588, 54.213, 0, 0, 180],
		[352, "PAD80_2", 992.635, -893.6394, "T", "SMD", "$1N78", "", "R", 31.751, 34.016, 0, 0, 90],
		[353, "PAD81_1", 992.635, -952.9594, "T", "SMD", "GND", "GND", "R", 31.751, 34.016, 0, 0, 90],
		[354, "PAD82_8", 2160, -1185, "T", "DIP", "GND", "GND", "C", 66.929, 66.929, 43.308, 43.308, 0],
		[355, "PAD82_8", 2160, -1185, "T", "DIP", "GND", "GND", "C", 66.929, 66.929, 43.308, 43.308, 0],
		[356, "PAD83_6", 1960, -1185, "T", "DIP", "V_OUT", "", "C", 66.929, 66.929, 43.308, 43.308, 0],
		[357, "PAD83_6", 1960, -1185, "T", "DIP", "V_OUT", "", "C", 66.929, 66.929, 43.308, 43.308, 0],
		[358, "PAD84_5", 1860, -1185, "T", "DIP", "CS_SD", "", "C", 66.929, 66.929, 43.308, 43.308, 0],
		[359, "PAD84_5", 1860, -1185, "T", "DIP", "CS_SD", "", "C", 66.929, 66.929, 43.308, 43.308, 0],
		[360, "PAD85_4", 1760, -1185, "T", "DIP", "MOSI", "", "C", 66.929, 66.929, 43.308, 43.308, 0],
		[361, "PAD85_4", 1760, -1185, "T", "DIP", "MOSI", "", "C", 66.929, 66.929, 43.308, 43.308, 0],
		[362, "PAD86_3", 1660, -1185, "T", "DIP", "SCK_SD", "", "C", 66.929, 66.929, 43.308, 43.308, 0],
		[363, "PAD86_3", 1660, -1185, "T", "DIP", "SCK_SD", "", "C", 66.929, 66.929, 43.308, 43.308, 0],
		[364, "PAD87_2", 1560, -1185, "T", "DIP", "MISO", "", "C", 66.929, 66.929, 43.308, 43.308, 0],
		[365, "PAD87_2", 1560, -1185, "T", "DIP", "MISO", "", "C", 66.929, 66.929, 43.308, 43.308, 0],
		[366, "PAD88_1", 1460, -1185, "T", "DIP", "GND", "GND", "R", 62, 66.929, 43.308, 43.308, 0],
		[367, "PAD88_1", 1460, -1185, "T", "DIP", "GND", "GND", "R", 62, 66.929, 43.308, 43.308, 0],
		[368, "PAD89_7", 3550, -2160, "T", "DIP", "GND", "GND", "C", 66.929, 66.929, 43.308, 43.308, 270],
		[369, "PAD89_7", 3550, -2160, "T", "DIP", "GND", "GND", "C", 66.929, 66.929, 43.308, 43.308, 270],
		[370, "PAD90_6", 3550, -2060, "T", "DIP", "NET1", "", "C", 66.929, 66.929, 43.308, 43.308, 270],
		[371, "PAD90_6", 3550, -2060, "T", "DIP", "NET1", "", "C", 66.929, 66.929, 43.308, 43.308, 270],
		[372, "PAD91_5", 3550, -1960, "T", "DIP", "SCK", "", "C", 66.929, 66.929, 43.308, 43.308, 270],
		[373, "PAD91_5", 3550, -1960, "T", "DIP", "SCK", "", "C", 66.929, 66.929, 43.308, 43.308, 270],
		[374, "PAD92_4", 3550, -1860, "T", "DIP", "SDA", "", "C", 66.929, 66.929, 43.308, 43.308, 270],
		[375, "PAD92_4", 3550, -1860, "T", "DIP", "SDA", "", "C", 66.929, 66.929, 43.308, 43.308, 270],
		[376, "PAD93_3", 3550, -1760, "T", "DIP", "RST", "", "C", 66.929, 66.929, 43.308, 43.308, 270],
		[377, "PAD93_3", 3550, -1760, "T", "DIP", "RST", "", "C", 66.929, 66.929, 43.308, 43.308, 270],
		[378, "PAD94_2", 3550, -1660, "T", "DIP", "DC", "", "C", 66.929, 66.929, 43.308, 43.308, 270],
		[379, "PAD94_2", 3550, -1660, "T", "DIP", "DC", "", "C", 66.929, 66.929, 43.308, 43.308, 270],
		[380, "PAD95_1", 3550, -1560, "T", "DIP", "CS", "", "R", 62, 66.929, 43.308, 43.308, 270],
		[381, "PAD95_1", 3550, -1560, "T", "DIP", "CS", "", "R", 62, 66.929, 43.308, 43.308, 270],
		[382, "PAD96_1", 240, -1820, "T", "DIP", "GPIO_RST", "", "R", 59.055, 59.055, 39.37, 39.37, 270],
		[383, "PAD96_1", 240, -1820, "T", "DIP", "GPIO_RST", "", "R", 59.055, 59.055, 39.37, 39.37, 270],
		[384, "PAD97_2", 240, -1920, "T", "DIP", "GPIO46A", "", "C", 59.055, 59.055, 39.37, 39.37, 270],
		[385, "PAD97_2", 240, -1920, "T", "DIP", "GPIO46A", "", "C", 59.055, 59.055, 39.37, 39.37, 270],
		[386, "PAD98_3", 240, -2020, "T", "DIP", "GPIO9A", "", "C", 59.055, 59.055, 39.37, 39.37, 270],
		[387, "PAD98_3", 240, -2020, "T", "DIP", "GPIO9A", "", "C", 59.055, 59.055, 39.37, 39.37, 270],
		[388, "PAD99_4", 240, -2120, "T", "DIP", "GPIO14A", "", "C", 59.055, 59.055, 39.37, 39.37, 270],
		[389, "PAD99_4", 240, -2120, "T", "DIP", "GPIO14A", "", "C", 59.055, 59.055, 39.37, 39.37, 270],
		[390, "PAD100_5", 240, -2220, "T", "DIP", "GPIO44A", "", "C", 59.055, 59.055, 39.37, 39.37, 270],
		[391, "PAD100_5", 240, -2220, "T", "DIP", "GPIO44A", "", "C", 59.055, 59.055, 39.37, 39.37, 270],
		[392, "PAD101_6", 240, -2320, "T", "DIP", "GPIO38A", "", "C", 59.055, 59.055, 39.37, 39.37, 270],
		[393, "PAD101_6", 240, -2320, "T", "DIP", "GPIO38A", "", "C", 59.055, 59.055, 39.37, 39.37, 270],
		[394, "PAD102_7", 240, -2420, "T", "DIP", "GPIO37A", "", "C", 59.055, 59.055, 39.37, 39.37, 270],
		[395, "PAD102_7", 240, -2420, "T", "DIP", "GPIO37A", "", "C", 59.055, 59.055, 39.37, 39.37, 270],
		[396, "PAD103_1", 945, -3160, "T", "DIP", "GPIO36A", "", "R", 59.055, 59.055, 39.37, 39.37, 180],
		[397, "PAD103_1", 945, -3160, "T", "DIP", "GPIO36A", "", "R", 59.055, 59.055, 39.37, 39.37, 180],
		[398, "PAD104_2", 845, -3160, "T", "DIP", "GPIO35A", "", "C", 59.055, 59.055, 39.37, 39.37, 180],
		[399, "PAD104_2", 845, -3160, "T", "DIP", "GPIO35A", "", "C", 59.055, 59.055, 39.37, 39.37, 180],
		[400, "PAD105_3", 745, -3160, "T", "DIP", "GPIO45A", "", "C", 59.055, 59.055, 39.37, 39.37, 180],
		[401, "PAD105_3", 745, -3160, "T", "DIP", "GPIO45A", "", "C", 59.055, 59.055, 39.37, 39.37, 180],
		[402, "PAD106_4", 645, -3160, "T", "DIP", "GPIO21A", "", "C", 59.055, 59.055, 39.37, 39.37, 180],
		[403, "PAD106_4", 645, -3160, "T", "DIP", "GPIO21A", "", "C", 59.055, 59.055, 39.37, 39.37, 180],
		[404, "PAD107_5", 545, -3160, "T", "DIP", "GPIO19A", "", "C", 59.055, 59.055, 39.37, 39.37, 180],
		[405, "PAD107_5", 545, -3160, "T", "DIP", "GPIO19A", "", "C", 59.055, 59.055, 39.37, 39.37, 180]
	]
}
}